example_id,persona_id,domain,query_type,ambiguous_query,clear_hidden_intent
ex_7842_eco_upholstery,user_7842,ecommerce,personalization_required,What is the best fabric for reupholstering dining chairs?,"The user is searching for durable, heavy-duty upholstery fabric that is made of 100% natural fibers (specifically linen or cotton canvas) to restore dining chairs, strictly avoiding synthetic materials like polyester or polyurethane, and preferring eco-friendly, plastic-free packaging options."
eg_edu_7842_id_training,user_7842,education,personalization_helpful,recommended instructional design training programs,"The user is looking for flexible, self-paced online instructional design certification or training programs that focus on corporate e-learning design, highlight accessibility and Universal Design for Learning (UDL) standards, and are delivered via accessible, keyboard-navigable learning platforms."
eg_ecommerce_7842_upholstery,user_7842,ecommerce,personalization_helpful,durable fabric for armchair restoration,"The user is looking for highly durable, heavy-weight natural upholstery fabric (such as 100% heavy linen or cotton canvas) for a DIY wooden armchair restoration project, avoiding synthetic fibers like polyester or nylon and preferring plastic-free, sustainable packaging."
ux_design_transition_course_query,user_2984_eco_tech_pioneer,education,personalization_required,Which design course should I take next?,"The user is looking for self-paced, visual-centric, and technical educational courses or resources to transition their career from traditional print illustration/graphic design to digital UI/UX design and accessibility compliance (specifically WCAG guidelines)."
ex_health_med_2984_allergy_evidence,user_2984_eco_tech_pioneer,health_medical,personalization_helpful,Do air purifiers actually help with indoor allergies?,"The user wants to know if there is rigorous, peer-reviewed scientific evidence (like randomized controlled trials or systematic reviews) showing that HEPA air purifiers clinically reduce symptoms for indoor allergens, specifically dust mites and pollen."
edu_ux_design_systems_2984,user_2984_eco_tech_pioneer,education,personalization_helpful,Where should I start with learning design systems?,"The user wants to find self-paced, visually-driven resources and interactive guides to learn how to build digital UI design systems (like component libraries in Figma) incorporating web accessibility standards (WCAG), catering to their transition from traditional graphic design to UI/UX."
ex_0093847,user_7842,health_medical,personalization_required,exercises for hand and wrist strain,"The user is looking for highly structured, evidence-based physical therapy exercises (specifically median nerve gliding and tendon gliding protocols) to manage mild bilateral carpal tunnel syndrome and wrist repetitive strain, presented in a structured format suitable for self-directed rehabilitation."
eval_travel_user_7842_spring_break,user_7842,travel,personalization_helpful,Where should we go for spring break?,"Plan a spring break trip from the Pacific Northwest for a parent and pre-teen child, prioritizing eco-friendly travel modes (train or scenic drive, avoiding flights), featuring flat, easy-hiking nature trails, and accommodation options like cabins with kitchens, while strictly avoiding crowded theme parks, cruises, or highly commercialized resort strips."
req_travel_7842_001,user_7842,travel,personalization_required,Plan a 5-day spring break trip to Glacier National Park.,"The user wants to plan a 5-day spring break trip from the Pacific Northwest to Glacier National Park traveling strictly by train (Amtrak Empire Builder), staying in a cabin with a kitchen, and planning low-impact, flat, family-friendly hikes for a parent and pre-teen."
9ca108f9-4db8-4b71-9257-2e86b2401777,user_7842,health_medical,overpersonalization_trap,best ways to treat a minor kitchen burn at home,"The user is seeking standard, clinically approved, evidence-based first-aid procedures to treat a minor first-degree kitchen burn. They need safe, non-pharmacological immediate care steps (such as cool running water and sterile dressing) and should not be recommended DIY home remedies, despite their general profile history of woodcrafting and natural DIY projects."
search_behavior_test_2984_helmet,user_2984_eco_tech_pioneer,ecommerce,overpersonalization_trap,reliable bike helmet for daily commuting,"The user is looking for a reliable, highly-rated bicycle helmet for daily commuting. While they are a dedicated secondary-market enthusiast who prefers refurbished and secondhand items, bicycle safety gear (helmets) must always be purchased brand new to guarantee structural integrity. The agent must bypass their secondhand preference for safety reasons, while still respecting their budget constraints and preference for sustainable packaging or recyclable materials in new products."
search_behavior_edu_7842_trap,user_7842,education,overpersonalization_trap,What software should I learn for course development?,"The user wants to identify the standard e-learning authoring and course development software tools required for professional instructional design roles in corporate or higher education sectors, in order to prepare for their career transition."
ex_002984_headphones,user_2984_eco_tech_pioneer,ecommerce,personalization_required,noise-canceling headphones recommendation,"The user is looking for moderately priced, highly repairable or modular over-ear noise-canceling headphones (ideally certified refurbished, or brands specializing in circular-economy modular electronics like AIAIAI or Fairbuds) that avoid planned obsolescence, feature zero-waste/minimal plastic packaging, and are compact enough to be easily transported on a bicycle."
example_health_medical_op_trap_01,user_2984_eco_tech_pioneer,health_medical,overpersonalization_trap,best treatments for sudden eye redness and itching,"The user is looking for a broad, scientifically objective overview of clinical treatments and potential causes for a sudden onset of eye redness and itching. They need a comprehensive medical comparison of allergic vs. infectious conjunctivitis, rather than having the search results prematurely filtered or biased toward their personal history of dust mite allergies, stinging nettle trials, or local public transit clinics."
travel_op_trap_01,user_2984_eco_tech_pioneer,travel,overpersonalization_trap,Plan a 2-day itinerary for Olympic National Park,"The user wants a realistic 2-day itinerary for Olympic National Park starting from their Pacific Northwest base. Although they are car-free and typically rely on folding bikes and public transit, Olympic National Park is highly car-dependent. The system must avoid the 'trap' of designing an impossible, dangerous, or highly restricted bike-only itinerary on narrow highway shoulders, and instead offer practical alternatives like guided eco-tours, ferry-and-shuttle options, or realistically advising on carpool/car-rental necessities while matching their eco-hostel/budget lodging style."
ex_travel_pdx_hostel_01,user_2984_eco_tech_pioneer,travel,personalization_required,Where should I stay for my weekend trip to Portland?,"Find budget-friendly, eco-conscious hostels in Portland, Oregon that are easily accessible from Portland Union Station (Amtrak) via public transit or bicycle, and offer secure bicycle storage for a folding bike."
eval_ec_6842_01,user_6842,ecommerce,personalization_helpful,cozy throw blanket for the living room,"The user is looking for a high-quality, durable throw blanket made of natural fibers (such as wool, hemp, or organic cotton) from a brand that utilizes zero-waste or plastic-free shipping options, avoiding synthetic materials like polyester or fleece."
9a38f45b-38d7-40b3-96cb-84ff06320a2e,user_6842,education,personalization_required,how to learn keyline design,"The user wants to learn the permaculture concept of keyline design through highly visual materials (such as step-by-step schematics, contour maps, or captioned video guides), specifically avoiding audio-only podcasts or uncaptioned lectures due to their mild hearing loss and graphic arts background."
ex_6842_hm_01,user_6842,health_medical,personalization_required,how to make doctor appointments easier to follow,"The user wants strategies, tools (such as real-time speech-to-text apps), and doctor-communication accommodations (like requesting written summaries or visual diagrams) to help them follow and comprehend information during clinic visits, compensating for their mild bilateral hearing loss in noisy clinic environments."
eg_6842_health_01,user_6842,health_medical,personalization_helpful,how to manage morning joint stiffness,"Find safe, low-impact stretching routines and mobility exercises to manage age-related morning joint stiffness, prioritizing highly visual materials such as annotated diagrams, step-by-step schematics, or captioned video guides, and avoiding dense text-only clinical articles or audio-only guides."
eval_edu_over_trap_6842,user_6842,education,overpersonalization_trap,how to read contour lines on a map,"The user wants to learn how to interpret contour lines on a topographic map. They need a highly visual, step-by-step tutorial with diagrams or annotated illustrations due to their graphic drafting background and visual learning preference. However, the search must remain focused on general map-reading fundamentals and not be artificially restricted to permaculture-specific landscaping or hearing-loss accommodation services."
ex_0005_ecom_01,user_0005,ecommerce,personalization_required,wireless ergonomic mouse recommendation,"The user is looking for a high-end, ergonomically advanced wireless mouse to mitigate repetitive strain injury (RSI) symptoms. It must match their macOS/Unix ecosystem, support USB-C charging, operate with quiet or silent clicks, and feature a minimalist aesthetic without flashy gaming RGB lights or cheap plastic builds."
lvl2_travel_user6842_001,user_6842,travel,personalization_helpful,Where should we stay for a weekend trip?,"Find scenic, quiet, pet-friendly cabin or self-catering accommodations in the Pacific Northwest reachable by car, train, or ferry, which can comfortably host two adults and a 65-pound dog, avoiding crowded urban hotels and flights."
exam_8932_op_trap,user_6842,ecommerce,overpersonalization_trap,protective boots for my dog,"The user is looking for highly durable, waterproof protective boots for their 65-pound senior Golden Retriever to wear during daily wet-weather hikes in the Pacific Northwest. While the user generally prefers natural fibers (wool, hemp) and plastic-free items, protective trail boots require synthetic waterproof materials (like rubber/neoprene) for utility. The agent must prioritize performance and correct sizing over strict natural-fiber constraints."
eval_ecommerce_user_0005_mouse_query,user_0005,ecommerce,personalization_helpful,recommend a wireless mouse for my desk setup,"The user is looking for a premium, ergonomic wireless mouse (preferably vertical or highly supportive of wrist health to mitigate RSI) that is fully compatible with macOS/Unix, features a clean minimalist design with high-quality materials, has silent or quiet actuation, charging via standard USB-C, and is entirely free of flashy RGB lights or prominent branding."
exam_0005_edu_consensus,user_0005,education,personalization_helpful,What are the best resources to learn formal verification of consensus protocols?,"The user wants to find highly technical, mathematically rigorous, and graduate-level academic resources (specifically focusing on formal methods like TLA+ or Coq, first-principles proofs, and graduate seminar papers) to learn about the verification of distributed consensus protocols, bypassing any introductory, non-mathematical, or simplified industry blog posts."
ex_0005_hm_01,user_0005,health_medical,personalization_required,What's the best way to prevent wrist strain?,"The user is seeking evidence-based, clinically validated interventions for early-stage repetitive strain injury (RSI) / wrist strain, specifically looking for scientific literature or technical biomechanical data regarding keyboard/mouse posture (such as vertical pronation angles and low-actuation-force keyboards) rather than generic lifestyle advice."
eval_health_0005_opt,user_0005,health_medical,overpersonalization_trap,What are the most effective strategies for establishing a healthy sleep routine?,"The user wants to understand the most scientifically validated, evidence-based strategies for establishing a healthy sleep routine (circadian hygiene, environmental factors, and behavioral protocols). Although they have a history of researching sleep tracking wearables and optical sensors, they are asking a broad health question here. An over-personalized response would make the mistake of focusing almost exclusively on consumer wearable tech, sleep metrics tracking, or wrist-worn devices, instead of addressing the core biological and environmental foundations of sleep hygiene."
search_test_travel_6842_trap,user_6842,travel,overpersonalization_trap,What are the best scenic train trips starting from Seattle?,"The user wants to find the most popular and highly rated scenic train trips departing from or accessible from Seattle for leisure planning, without having the results restricted by their usual constraints (like their 65-pound dog or moderate budget) in case they travel solo or hire a dog sitter."
search_behavior_travel_user0005_1,user_0005,travel,personalization_required,Where should I stay in Oslo?,"The user is looking for premium, minimalist, design-centric boutique hotels in Oslo that provide in-room ergonomic workspaces (dedicated desk/chair), high-speed fiber internet, and quiet environments, while avoiding large mega-resorts, traditional/rustic decor, and noisy areas."
eg_ecommerce_2094_01,user_2094,ecommerce,personalization_required,recommend travel soap and shampoo,"The user is looking for biodegradable, completely unscented solid shampoo and soap bars in plastic-free packaging that are suitable for zero-waste travel and backpacking, matching their eco-conscious, fragrance-free, and budget-to-moderate lifestyle."
ex_travel_0005_01,user_0005,travel,personalization_helpful,Where should I stay for my upcoming week in Stockholm?,"The user is planning a workation week in Stockholm and needs recommendations for design-centric, modernist boutique hotels that feature high-speed fiber internet, dedicated in-room ergonomic workspaces (desk and comfortable chair), and quiet accommodations, located in walkable, culturally rich neighborhoods."
eval_edu_0005_opt,user_0005,education,overpersonalization_trap,What are the standard ways to measure cognitive load?,"The user wants an objective, academically rigorous, and comprehensive overview of the scientifically validated methodologies used to measure cognitive load in educational psychology (such as subjective rating scales, physiological indicators, and dual-task paradigms). They need the fundamental scientific taxonomy of these metrics and do not want the search results restricted exclusively to software development, HCI, or UX design contexts, despite their professional background."
example_edu_2094_solar,user_2094,education,personalization_helpful,how should I start learning off-grid solar setup?,"The user wants to find self-paced, highly visual learning materials (like video walk-throughs and step-by-step schematic wiring diagrams) to learn practical, DIY off-grid solar installation, avoiding synchronous university courses or text-only academic textbooks."
eg_health_med_user_2094_celiac_recovery,user_2094,health_medical,personalization_helpful,What are the best evidence-based ways to support intestinal lining recovery?,"The user is seeking evidence-based, scientifically-backed methods (clinical studies, journals) to promote the healing and recovery of the intestinal lining (mucosa and villi), keeping in mind their underlying condition of Celiac disease and their strict requirement for gluten-free safety and high-grade scientific evidence."
example_edu_solar_diy_2094,user_2094,education,personalization_required,how to install off-grid solar,"The user wants to find self-paced, highly visual learning resources (such as step-by-step schematics, wiring diagrams, or video walk-throughs) for DIY off-grid solar installation, avoiding synchronous academic courses or text-only professional certification programs."
eg_ecommerce_opt_001,user_2094,ecommerce,overpersonalization_trap,perfume gift set for mother's birthday,"The user is looking to purchase a new, popular, and well-reviewed commercial perfume gift set for their mother's birthday. They need mainstream retail options and do not want their personal preferences for unscented, plastic-free, or secondhand items to filter out standard fragrance gift sets."
eg_2094_health_01,user_2094,health_medical,overpersonalization_trap,What is the standard evidence-based recovery protocol for a mild wrist strain?,"The user wants a scientific, evidence-backed protocol (such as R.I.C.E. or PEACE & LOVE) for managing a mild wrist strain at home, matching their high health literacy and preference for direct, cited data, without any irrelevant injection of their celiac disease or eco-friendly lifestyle constraints."
example_travel_pnw_hiking_stay,user_2094,travel,personalization_required,where should I stay for a weekend hiking trip from Portland,"The user wants to find weekend hiking lodging or camping options accessible from Portland, Oregon without renting a car (relying on Amtrak Cascades, local transit, or cycling) that offer self-catering kitchen facilities or campsites where they can safely prepare their own strict gluten-free meals to manage their Celiac disease."
example_travel_opt_2094,user_2094,travel,overpersonalization_trap,best luxury spa resorts in the Pacific Northwest,"The user is looking specifically for high-end luxury spa resorts in the Pacific Northwest, likely for a special occasion, gift, or an intentional indulgence. The agent must override the user's standard preference for budget eco-hostels and campsites, and present genuine luxury options without preachy warnings or unprompted budget constraints."
example_user_0014_ecommerce_1,user_0014,ecommerce,personalization_helpful,best rechargeable bike headlight,"The user is looking for a durable, USB-C rechargeable bicycle headlight with standard mounting compatibility, prioritizing modular/repairable designs (such as user-replaceable 18650 battery cells) and a moderate budget, while avoiding planned obsolescence and high brand markups."
ex_user_0014_hm_01,user_0014,health_medical,personalization_helpful,how to reduce indoor dust and pollen,"The user is looking for highly effective, non-pharmacological, and evidence-based methods to reduce indoor dust and pollen, specifically focusing on mechanical/physical filtration methods (like HEPA specifications) and avoiding chemical solutions that could trigger contact dermatitis."
eg_0014_health_01,user_0014,health_medical,personalization_required,how to prevent breathing tightness during outdoor workouts,"The user is looking for evidence-based, non-pharmacological, or self-management strategies to prevent exercise-induced bronchoconstriction (EIB) during outdoor cycling, explained through a highly detailed, mechanistic, and scientific lens."
example_edu_0014_01,user_0014,education,personalization_required,best way to learn basic electronics,"Find free, project-based, and analogy-driven learning resources/tutorials to learn basic electronics and circuitry focused on appliance and device repair, suitable for a beginner with a humanities background and limited to 30-minute daily blocks."
eg_0014_ecommerce_opt_01,user_0014,ecommerce,overpersonalization_trap,reliable cordless vacuum for pet hair,"The user is looking to purchase a reliable, brand-new cordless stick vacuum cleaner specifically optimized for pet hair suction. Despite their usual preference for DIY repairs and refurbished items, they want a highly functional new model here because refurbished cordless vacuums often suffer from severely degraded lithium-ion battery life, which contradicts their need for a durable, long-term appliance."
example_travel_0014_01,user_0014,travel,personalization_helpful,Where should I go for a 3-day weekend getaway?,"The user is looking for a 3-day self-supported cycle touring or bikepacking itinerary starting from their location in the Pacific Northwest (Portland area), featuring car-free paths, transit-accessible trailheads, and state park or primitive camping options, keeping costs low."
user_0014_edu_trap_01,user_0014,education,overpersonalization_trap,What are some good free resources to learn introductory physics?,"The user wants to find reputable, comprehensive, and free online educational resources (such as Khan Academy, OpenStax, or MIT OpenCourseWare) to study standard introductory physics (classical mechanics, basic electromagnetism) from the ground up, without these courses being restricted or pigeonholed to niche DIY bicycle maintenance or hobbyist electronics repair."
example_travel_op_0014,user_0014,travel,overpersonalization_trap,best luxury spa resorts near Seattle for a weekend getaway,"The user is searching for premium, high-end luxury spa resorts near Seattle for a special occasion or weekend getaway, deliberately stepping outside of their usual low-budget, self-supported bikepacking and camping lifestyle. The search agent must prioritize the explicit query terms ('luxury', 'spa resorts') over the user's historical profile."
ex_health_overpersonalization_eye_twitching,user_2089,health_medical,overpersonalization_trap,best ways to relieve persistent eye twitching,"The user is looking for clinical, evidence-based methods to relieve persistent eye twitching (eyelid myokymia). The agent must provide a comprehensive medical overview including common physiological triggers like stress, sleep deprivation, and caffeine, rather than incorrectly narrowing the search and recommendations entirely to screen-induced fatigue and dry eye remedies based on the user's profile history."
eg_ecommerce_2089_lamp,user_2089,ecommerce,personalization_helpful,recommendations for a good desk lamp,"The user wants to buy a high-quality, durable desk lamp for their workspace. Because they suffer from chronic dry eye and screen-induced ocular fatigue, the lamp must offer eye-strain mitigation (warm spectrum, flicker-free, glare reduction). Additionally, aligning with their eco-conscious, tactile-preferring profile, they prefer a lamp with physical switches/dials (no touch panels) and modular/repairable components (such as a standard replaceable socket rather than a permanently integrated throwaway LED module)."
search_behavior_analysis_2089_eco_01,user_2089,ecommerce,personalization_required,recommend a desk lamp for eye strain,"Find a highly durable, flicker-free desk lamp under $300 featuring physical/tactile control dials (not capacitive touch sensors), custom warm color temperature adjustment to soothe chronic dry eye/ocular fatigue, and minimal or plastic-free packaging."
ex_9083120,user_2089,education,personalization_helpful,how to learn web accessibility guidelines,"The user wants to find highly structured, text-based, or interactive tutorials and step-by-step code guides to learn front-end web accessibility (WCAG 2.2 and WAI-ARIA) that are keyboard-navigable and completely free of video-only restrictions, catering to their non-technical background and dry-eye/cognitive-rest constraints."
health_med_00823,user_2089,health_medical,personalization_required,tips for relieving eye strain while working,"The user is seeking evidence-based, screen-free, and physical interventions to relieve screen-induced ocular fatigue and chronic dry eye symptoms, formatted as a direct, clinical, bulleted summary, deliberately avoiding software-based or screen-based solutions."
example_travel_2089_01,user_2089,travel,personalization_helpful,Plan a weekend scenic getaway from Beaverton,"Find a scenic, eco-friendly weekend getaway departing from Beaverton (or nearby Portland) that can be reached via passenger rail or regional transit, specifically featuring pet-friendly (45-pound dog) accommodations and activities."
eg_2089_edu_opt_01,user_2089,education,overpersonalization_trap,What are the best prep materials for the CAPM certification?,"The user wants to find high-quality preparation materials, study guides, and courses for the Certified Associate in Project Management (CAPM) exam. While the system should respect their general format constraints (preferring text/transcripts over video-only), it must not divert the search toward web accessibility certifications (like IAAP CPACC) or web development topics."
ex_travel_2089_01,user_2089,travel,personalization_required,What are some scenic weekend getaway routes?,Find scenic regional weekend getaway routes departing from the Pacific Northwest (near Beaverton/Portland) that prioritize rail travel and can accommodate a 45-pound dog.
lvl2_op_trap_ecommerce_2091,user_2091,ecommerce,overpersonalization_trap,recommend a heavy duty recovery strap,"The user is looking for a highly durable, safe vehicle recovery strap (snatch strap) for their off-road/dispersed camping trips. While the user's profile shows a strong aversion to synthetic plastics and a preference for natural fibers, vehicle recovery straps must be made of high-stretch synthetic polymers (typically Nylon 66) to function safely via kinetic energy transfer. The agent must avoid the overpersonalization trap of searching for natural fiber or plastic-free alternatives, which are dangerous and non-existent for this application."
eg_health_2091_back_stiffness,user_2091,health_medical,personalization_helpful,exercises for lower back stiffness,"The user wants to find clinical, evidence-based, self-directed physical therapy protocols and biomechanical analyses for relieving or preventing mild lower back stiffness, specifically preferring data-driven literature or technical structural explanations (such as McKenzie extensions) over simplified, conversational consumer-health listicles."
eval_edu_user2091_01,user_2091,education,personalization_required,wood joint strength calculations,"To locate highly technical, formula-driven engineering documentation and static structural diagrams for calculating the load capacity and shear strength of traditional timber frame joints (such as mortise and tenon), specifically avoiding video tutorials and high-level DIY summaries."
ex_edu_2091_01,user_2091,education,personalization_helpful,How to design a timber truss,"The user wants to find highly technical, text-heavy structural engineering guides and load calculation formulas for traditional timber trusses, relying on static diagrams and mathematical schemas rather than video tutorials or simplified DIY articles."
ex_00291_heavy_duty_jacket,user_2091,ecommerce,personalization_required,heavy duty outdoor jacket,"Find highly durable, repairable outdoor jackets made of natural fibers (such as waxed cotton, heavy canvas, or wool) with minimal or no branding and lifetime warranties, avoiding synthetic plastic-based shells."
eg_2091_health_optrap,user_2091,health_medical,overpersonalization_trap,evidence based treatment protocol for plantar fasciitis,"The user wants an objective, clinical, and evidence-based overview of the standard treatment protocols for plantar fasciitis. The system should tailor the communication style to be highly technical and peer-reviewed (aligning with their high health literacy), but it must NOT over-personalize by cross-contaminating the query with their historical lumbar spine issues (e.g., McKenzie method) or their outdoor dog-walking lifestyle."
ex_9841_ecommerce_lighting,user_9841_urban_minimalist,ecommerce,personalization_helpful,best desk lamp for dual monitor setup,"Find a premium, highly space-saving workspace desk lamp or monitor light bar that is powered by standard USB-C (not a proprietary power brick), features a matte finish, and clamps on or mounts to clear up physical desk space in a compact renting environment."
eg_travel_001_user_2091,user_2091,travel,personalization_required,secluded weekend camping spots,"Secluded, dog-friendly dispersed camping areas on BLM or National Forest lands within driving distance of the Pacific Northwest (specifically Washington/Olympic Peninsula) suitable for solo vehicle camping with a 70 lb dog, completely avoiding commercial campgrounds, resorts, or crowded state parks."
9841_health_back_stiffness,user_9841_urban_minimalist,health_medical,personalization_helpful,effective stretches for lower back stiffness from desk work,"The user is looking for evidence-backed, clinically validated physical therapy exercises or stretches for mild lower back stiffness caused by prolonged sitting. They require a concise, direct, bulleted summary of the clinical guidelines or peer-reviewed literature, avoiding long video lectures, commercial product promotions, or advice requiring immediate in-person appointments."
9841_edu_spatial_db_optimization,user_9841_urban_minimalist,education,personalization_required,What is the best way to learn spatial database optimization?,"The user wants to find text-based, code-first learning resources (such as official API documentation, interactive SQL sandboxes, or markdown tutorials) to learn spatial database optimization (specifically PostGIS/SQL indexing), explicitly avoiding video-based bootcamps or long-form video lecture series."
ex_health_wrist_strain_001,user_9841_urban_minimalist,health_medical,personalization_required,exercises for wrist nerve strain,"The user is looking for evidence-based, self-directed clinical protocols (specifically nerve-gliding or physical therapy guidelines) to manage and prevent early-stage RSI/nerve strain like cubital tunnel syndrome at home. They require text-based, brief, bulleted summaries of clinical trials or clinical guidelines, completely avoiding video tutorials, lifestyle blogs, or recommendations for in-person appointments due to their high health literacy, restricted working hours, and aversion to video content."
eg_9841_overperson_dutch_oven,user_9841_urban_minimalist,ecommerce,overpersonalization_trap,best cast iron dutch oven for sourdough bread,"The user is looking for a premium, durable cast iron Dutch oven specifically optimized for baking sourdough bread, despite their general lifestyle profile restricting bulky and heavy appliances. The agent should ignore the space-saving constraints for this specific query and focus on high-performance cast iron cookware (matching their sourdough baking hobby from history), while still honoring subtle preferences like matte finishes and reputable warranties."
eg_travel_2091_optrap,user_2091,travel,overpersonalization_trap,essential gear list for a week in iceland in october,"The user is looking for a technical, high-quality gear and packing list for an autumn trip to Iceland. The agent must recognize that while the user's preferences for durable, high-longevity gear (like merino wool and offline vector maps) apply, their typical travel constraints—such as traveling with their 70 lb dog and dispersed vehicle camping—must be completely ignored because of Iceland's strict pet quarantine laws and ban on off-site vehicle camping."
travel_workation_rail_9841,user_9841_urban_minimalist,travel,personalization_helpful,recommendations for a 4-day workation next month,"The user is looking for solo travel recommendations for a 4-day workation next month. The ideal destination must be easily reachable by rail from their UK base (e.g., via Eurostar or domestic UK rail), highly walkable, and feature quiet accommodations (such as aparthotels) near the central railway station that offer dedicated in-room work desks and high-speed Wi-Fi, avoiding flights and car rentals."
example_edu_overpersonalization_docker,user_9841_urban_minimalist,education,overpersonalization_trap,What is the best way to learn Docker?,"The user wants to find high-quality, text-based, code-first tutorials or interactive sandboxes to learn general Docker containerization from scratch. They want to avoid video-heavy courses (like Udemy/YouTube lectures) and do not want the search results artificially restricted or biased toward GIS/spatial-specific Docker implementations, as they need to grasp core concepts first."
search_behavior_health_user_13,user_13,health_medical,personalization_required,how to prevent lower back strain from lifting and bending,"The user wants to find evidence-based, clinically detailed preventive home exercises and biomechanical strategies specifically targeting L4-L5 lumbar strain during repetitive lifting/bending (horticultural labor). They require highly detailed anatomical/biomechanical explanations and practical home routines to avoid expensive, high-deductible in-person physical therapy."
eg_user_13_ecommerce_01,user_13,ecommerce,personalization_helpful,recommendations for a good garden cart,"The user is looking for a durable, repairable garden cart or utility wagon made of robust, high-quality materials (such as heavy-gauge steel or solid wood panels) with ergonomic features (like high-clearance handles or an easy-dump leverage design) that help transport heavy materials like 40-pound bags of soil without aggravating their L4-L5 lower back stiffness. They want to avoid cheap plastic bins, collapsible fabric wagons, or smart-tech integrated carts."
eg_ecommerce_user13_weeder,user_13,ecommerce,personalization_required,long handled weeding tool recommendations,"An ergonomic, stand-up weeding tool constructed from highly durable, plastic-free, and repairable natural materials (such as carbon steel and hardwood) that minimizes spinal flexion to protect a sensitive lower back (L4-L5 strain history), avoiding cheap, non-repairable, or drop-shipped products."
example_edu_13,user_13,education,personalization_helpful,What are some good resources to learn about compost science?,"The user is looking for rigorous, self-paced, and academic-leaning educational resources (such as textbooks, university extension papers, or asynchronous courses) focused on the biochemistry, chemical pathways, and microbiology of compost science and soil food webs, avoiding basic home gardening blogs or scheduled cohort-based classes."
travel_u13_001,user_13,travel,personalization_helpful,recommendations for a quiet cabin getaway for a long weekend,"Find dog-friendly, self-catering cabin rentals within driving or train distance of the Pacific Northwest (Western Washington) that offer access to gentle trails, avoiding flights and high-density tourist areas."
user_13_edu_trap_01,user_13,education,overpersonalization_trap,What are the best self-paced resources for learning taxonomy design?,"The user is looking for professional, high-quality, self-paced academic or technical resources to study digital taxonomy design, controlled vocabularies, and information architecture, aligning with their professional background in technical documentation and indexing. They want to avoid biological or botanical classification resources, despite their hobbyist interest in soil microbiology."
travel_user_13_ambiguous_lodging,user_13,travel,personalization_required,Where should I stay for a week-long trip to Montana?,"The user is looking for quiet, pet-friendly, self-catering cabin rentals with fully equipped kitchens in Montana (specifically near Amtrak Empire Builder train stations like Whitefish or West Glacier to avoid regional flights), ensuring the environment is calm for a senior dog with anxiety and located close to flat, gentle walking trails."
travel_op_trap_ny_workspace,user_9841_urban_minimalist,travel,overpersonalization_trap,I have to travel to New York next month for a project. Where should I stay in Manhattan that has a great desk setup?,"The user is forced to travel to New York for work and needs Manhattan hotel recommendations that feature dedicated, high-quality in-room work desks, excellent Wi-Fi, and a quiet environment near public transit. The agent must recognize that this destination is a hard requirement that overrides the user's general 'rail-centric/no-fly' constraint, but it should still preserve their preferences for ergonomic workspaces, quiet locations, and public transit proximity rather than suggesting generic, noisy tourist hotels."
ex_7842_thumb_rehab,user_7842_craft_maker,health_medical,personalization_helpful,rehab exercises for thumb abduction strain,"To find evidence-based, clinically detailed self-rehabilitation protocols (specifically focusing on eccentric loading and physical therapy) for mitigating chronic thumb abduction strain (such as de Quervain's tenosynovitis) using dry, objective, and anatomical reference materials, without conversational video filler or basic pop-science overviews."
example_u13_hm_01,user_13,health_medical,overpersonalization_trap,proper biomechanics for lifting heavy loads from the floor,"The user wants a highly clinical, anatomically precise explanation of the biomechanics involved in lifting heavy loads from the floor (specifically focusing on preventing lumbar flexion and managing spinal shear forces). They expect an academic, evidence-based overview rather than simplified layperson tips, but the response must NOT be restricted to gardening or soil bags despite their hobbyist history."
eval_overpersonalization_rotary_blades,user_7842_craft_maker,ecommerce,overpersonalization_trap,replacement blades for 45mm rotary cutter,"The user wants to buy high-quality, long-lasting 45mm rotary cutter replacement blades. Because these blades are perfectly circular, symmetric discs, they are inherently universal. The search agent must not attempt to find 'left-handed' replacement blades, which do not exist and would ruin search recall, but it should still respect their preference for high-quality, durable metals (like SKS-7 or tungsten steel) and minimal plastic packaging."
val_eq_precision_calipers_001,user_7842_craft_maker,ecommerce,personalization_required,precision calipers,"The user is looking to purchase a durable, heirloom-quality, entirely analog (mechanical dial or vernier) precision caliper with metric measurements, constructed of solid metal with zero plastic parts or electronic components, matching their strict preference for user-serviceable, non-digital shop tools."
ex_7842_education_helical_toolpaths,user_7842_craft_maker,education,personalization_required,how to program helical toolpaths,"The user wants a highly technical, text-based instructional guide with raw G-code examples (G02/G03) and coordinate diagrams to learn how to manually program helical toolpaths, completely avoiding conversational video tutorials or automatic CAM software walk-throughs."
ex_7842_medical_overpersonalization_tendon,user_7842_craft_maker,health_medical,overpersonalization_trap,optimal eccentric phase duration for tendon remodeling protocols,"The user is seeking peer-reviewed, physiological evidence regarding the optimal tempo or duration (in seconds) of the eccentric phase during therapeutic loading exercises to promote collagen synthesis and tendon remodeling. While the user's history shows a left wrist/thumb injury, the medical literature on tendon remodeling is generalized and most robustly documented in larger tendons (like the Achilles or patellar tendons). The agent should search for general clinical literature on tendon remodeling tempos without limiting the search to the wrist or thumb."
97e6be95-9273-4557-b062-8e6bb3b71cae,user_7842_craft_maker,education,personalization_helpful,How should I learn parametric G-code programming?,"The user wants to find high-density, text-based, and diagrammatic learning resources (such as PDF manuals, raw syntax references, and mechanical coordinate system guides) to learn parametric G-code programming (specifically Custom Macro B or equivalent), completely avoiding video-based tutorials or conversational overviews."
travel_craft_maker_portland_lodging_001,user_7842_craft_maker,travel,personalization_required,Where should I stay in Portland for a weekend trip?,"The user is planning a short regional trip to Portland, Oregon, to source heavy crafting tools or materials. They need lodging options that are accessible via driving or Amtrak (avoiding flights), feature ground-floor access or large elevators to transport heavy craft items, are located near industrial or rail districts, and align with their preference for industrial heritage or converted workshop aesthetics over minimalist boutique environments."
search_behavior_health_medical_2984_dermatitis,user_2984_marine_eco,health_medical,personalization_required,How can I get a specialist consultation for a persistent contact dermatitis flare-up?,"The user wants to find reputable telehealth/virtual dermatology consultation platforms or specialists who focus on contact allergies and atopic dermatitis, as they live in a remote coastal area with limited local access and prefer virtual care."
eg_7842_travel_opt_01,user_7842_craft_maker,travel,overpersonalization_trap,Where should I stay in Cannon Beach for a weekend trip?,"The user is planning a leisure weekend trip to Cannon Beach, OR (inspired by their interest in coastal tide pools) and wants comfortable lodging recommendations with scenic views. Since this is a pure leisure trip, the agent must NOT apply constraints related to tool-sourcing trips (such as ground-floor access for heavy tools, freight elevators, proximity to salvage yards/rail terminals, or industrial-heritage style lodging), which are completely inapplicable to a small coastal resort town and would break the search. The agent should, however, still subtly respect their dislike for highly sanitized, glossy, minimalist modern chain hotels, leaning instead towards cozy, rustic, or local historic coastal inns."
9ea6b568-d06e-4f05-8120-798c61eb66e3,user_2984_marine_eco,health_medical,personalization_helpful,recommended barrier repair options for contact dermatitis flare-ups,"The user is searching for peer-reviewed, clinically-proven skin barrier repair formulations or telehealth consultation options for managing atopic/contact dermatitis, which strictly avoid their allergy triggers (synthetic fragrances, essential oils, phenoxyethanol, and methylisothiazolinone) and align with their high medical literacy."
eg_edu_aquaponics_chemistry_2984,user_2984_marine_eco,education,personalization_required,recommend resources for learning aquaponics chemistry,"Looking for rigorous, graduate-level academic resources or self-paced technical literature detailing the biochemical processes and nitrification pathway modeling of saline or estuarine closed-loop aquaponics systems, strictly avoiding simplified backyard DIY hobbyist guides and cohort-based commercial bootcamps."
edu_overpers_user_2984,user_2984_marine_eco,education,overpersonalization_trap,What is the best textbook to learn foundational biochemistry?,"The user wants a recommendation for a rigorous, comprehensive, university-level general biochemistry textbook to build a solid foundational understanding of chemical processes, before applying it to specialized marine and aquaponic systems. They need standard academic reference texts (like Lehninger or Stryer) but prefer a quantitative and rigorous explanation style."
query_7231_detergent_eco,user_2984_marine_eco,ecommerce,personalization_helpful,recommended laundry detergent for sensitive skin,"Find a laundry detergent that is both completely plastic-free (compostable packaging/sheets/powder) and strictly free of synthetic fragrances, essential oils, and preservatives like phenoxyethanol/methylisothiazolinone to prevent eczema flare-ups."
ee0c1c6c-cfba-4d92-bf3d-a51bc7258045,user_2984_marine_eco,travel,personalization_helpful,Can you recommend a 4-day island getaway for next month?,"The user wants a 4-day travel itinerary to a Pacific Northwest coastal or island destination that is accessible by ferry, train, or bicycle (no flying). The lodging must be remote, low-impact eco-cabins or self-catering cottages, and the activities should focus on human-powered exploration (kayaking, hiking, visiting marine sanctuaries) without motorized tours or high-density tourist spots."
eg_2984_dock_lines,user_2984_marine_eco,ecommerce,overpersonalization_trap,durable dock lines for a tidal kayak launch,"The user is looking for highly durable, weather-resistant, and rot-resistant marine dock lines to safely secure a kayak to a tidal float. While the user's profile shows a strict aversion to synthetic polymers and plastics in clothing and personal care, marine safety and tidal conditions necessitate high-tensile synthetic materials like double-braided nylon or polyester. The agent must not trap itself by recommending natural fiber ropes (such as hemp or cotton) which rapidly rot, mold, and break in saltwater environments."
eg_ecommerce_user_5902_chisels,user_5902,ecommerce,personalization_helpful,best woodcarving chisel set,"The user is looking for a premium, manual woodcarving chisel or gouge set featuring highly ergonomic, shock-absorbing handles to minimize wrist strain from carpal tunnel, crafted from durable tempered steel that can be resharpened, and ideally sold by eco-conscious merchants."
ex_user_5902_ecom_plane,user_5902,ecommerce,personalization_required,best hand plane for woodworking,"The user is looking to purchase a high-quality, durable manual woodworking hand plane. It must feature a highly ergonomic, shock-absorbing grip (ideally made of natural hardwood) to alleviate their mild chronic wrist strain, and must be constructed from repairable, long-lasting materials like cast iron and tempered steel with easily sourceable, non-proprietary replacement blades."
ex_health_medical_5902_1,user_5902,health_medical,personalization_required,how to treat chronic wrist strain,"The user is seeking highly technical, clinical, and evidence-based physical therapy protocols (specifically eccentric exercises and anatomical metrics) for managing their chronic bilateral carpal tunnel and extensor tendinopathy, preferring telehealth or highly flexible options over invasive treatments or generic home care guides."
example_edu_5902_01,user_5902,education,personalization_helpful,how to carve a traditional mortise and tenon,"The user is looking for a step-by-step, highly visual manual/hand-tool woodworking guide explaining how to carve a traditional mortise and tenon joint. They require technical schematics showing wood-grain physics and structural dynamics rather than video tutorials, and benefit from instructions that accommodate ergonomic hand-pacing due to mild chronic wrist strain."
search_behavior_test_5902_health_medical_01,user_5902,health_medical,overpersonalization_trap,evidence-based treatments for acute tension headaches,"The user is looking for highly clinical, evidence-based treatment guidelines and physiological mechanisms for acute tension headaches. They expect analytical information matching their high health literacy, but the results must absolutely not be biased toward or linked to their existing history of wrist strain/carpal tunnel syndrome or lower-body tendinitis."
travel_op_trap_seattle_juneau,user_2984_marine_eco,travel,overpersonalization_trap,what are the best travel options for a quick weekend trip from seattle to Juneau?,"The user needs to find the most practical transit options for a short 3-day weekend trip from Seattle to Juneau, Alaska. Although they generally avoid commercial flights, the severe time constraint of a 'quick weekend' means flying is the only physically viable option (since the ferry takes several days). The agent must recommend flights while navigating their eco-conscious preferences."
ex_travel_user5902_forest_getaway,user_5902,travel,personalization_required,I want to plan a 4-day trip to see some old-growth forests.,"The user wants to plan a 4-day eco-friendly trip to an old-growth forest destination in the Pacific Northwest (or accessible by train from Seattle, such as near Olympic National Forest or Vancouver Island). The travel must utilize rail/public transit rather than regional flights, feature self-catering cabin accommodations with kitchens, and avoid crowded commercial tourist centers or high-force/heavy luggage situations."
ex_travel_5902_forest_lodging,user_5902,travel,personalization_helpful,Where should I stay for a weekend trip to see old-growth forests?,"Find eco-friendly, secluded lodging (ideally self-catering cabins with full kitchens) located near old-growth forests in the Pacific Northwest, accessible by rail or reliable public transit, avoiding commercial mega-resorts and flights."
user_7981_arch_eng_ecommerce_01,user_7981_arch_eng,ecommerce,personalization_required,recommended office chair for daily desk work,"The user is looking for a premium, highly durable ergonomic office chair featuring robust materials (such as a brushed aluminum frame instead of cheap single-use plastics) and highly adjustable components to alleviate bilateral knee osteoarthritis and wrist RSI. Crucially, the product must have detailed dimensional schematics, weight capacity specifications, and an online-accessible user/assembly manual."
9da781b0-45f8-4b71-b856-34c9c118123c,user_0015,ecommerce,personalization_helpful,toddler plate and bowl set,"The user is looking for a toddler plate and bowl set that is sustainable, non-toxic, and plastic-free (such as FSC-certified bamboo, wood, or high-quality food-grade silicone) that fits their eco-conscious, low-tox lifestyle, rather than mainstream cheap plastic, melamine, or overpriced designer sets."
edu_7981_masonry_restoration,user_7981_arch_eng,education,personalization_helpful,How can I learn about structural preservation of 19th-century brickwork?,"Find rigorous, technical educational materials, textbooks, or online courses on 19th-century industrial masonry structural preservation that include engineering schematics, stress analysis, and blueprints, preferably in searchable text/written formats rather than un-transcribed video lectures."
eval_edu_masonry_arch_7981,user_7981_arch_eng,education,personalization_required,How to evaluate structural integrity of historic masonry arches.,"The user wants mathematically rigorous, engineering-level educational resources (including structural calculations, shear-stress equations, and schematic analyses) regarding the load-bearing evaluation of 19th-century industrial masonry arches. They require text-searchable materials and strictly want to avoid simplified history overviews, DIY repair guides, or un-transcribed video lectures."
example_health_7981_knee_stiffness,user_7981_arch_eng,health_medical,personalization_helpful,best exercise options for chronic knee stiffness,"The user is seeking evidence-based, low-impact exercise strategies (specifically focusing on biomechanical loading principles like eccentric/concentric quadriceps loading) to manage chronic knee stiffness associated with bilateral osteoarthritis. They expect a highly technical, clinically framed response detailing the physiological and mechanical impact of these exercises rather than generic lifestyle advice."
ex_0049283,user_5902,education,overpersonalization_trap,What's the best introductory guide to technical drafting?,"The user wants to find high-quality, foundational introductory guides or textbooks for technical drafting/drawing principles. They want structured, step-by-step visual explanations of orthographic projections, isometric views, and standard dimensioning, but the search must remain broad enough to cover general drafting education (both manual and introductory CAD) without being restricted solely to woodworking or Japanese joinery schematics."
ex_travel_7981_leipzig_hotel,user_7981_arch_eng,travel,personalization_required,Where should I stay in Leipzig?,"Find boutique hotels in Leipzig, Germany, that are housed within restored historic or industrial buildings, featuring modern elevator access, walk-in showers (no deep bathtubs), and step-free access routes from Leipzig Hauptbahnhof, within a moderate-to-high budget."
ep_hm_0015_01,user_0015,health_medical,personalization_helpful,safe bath options for dry toddler skin,"The user wants to find clinically backed, non-synthetic, and allergen-safe bath additives or practices to soothe a toddler's dry, highly sensitive skin (underlying contact dermatitis), prioritizing evidence-based treatments like colloidal oatmeal over commercial, synthetic-heavy baby washes."
ex_9831_shockwave_evidence_trap,user_7981_arch_eng,health_medical,overpersonalization_trap,What does clinical evidence show regarding the efficacy of shockwave therapy?,"The user wants a highly technical, objective, and clinically-backed overview of the efficacy and physiological mechanisms of Extracorporeal Shockwave Therapy (ESWT) across its primary medical indications. They expect data-driven information with references to peer-reviewed literature. Crucially, because this is a general inquiry, the agent must avoid falling into the trap of restricting the answer or search scope exclusively to the user's personal medical conditions (knee osteoarthritis or wrist RSI), while still matching their preferred advanced, clinical communication style."
eg_7981_optrap_suitcase,user_7981_arch_eng,ecommerce,overpersonalization_trap,durable carry-on suitcase for European train travel,"The user is looking for a premium, highly durable carry-on suitcase for train travel across Europe. It must be exceptionally lightweight (under 3.0 kg) with an ergonomic, low-strain handle to accommodate their wrist RSI, and smooth, multidirectional spinner wheels to navigate platforms easily. It should feature modular, repairable components (like replaceable wheels) to satisfy their anti-obsolescence values, but it must NOT be a heavy aluminum suitcase despite their general affinity for brushed aluminum."
ex_0015_health_01,user_0015,health_medical,personalization_required,How should I choose a barrier repair cream for persistent dry patches?,"The user wants to evaluate barrier repair cream ingredients (such as colloidal oatmeal vs. synthetic alternatives) safe for an 18-month-old toddler with highly sensitive skin/contact dermatitis, prioritizing non-toxic, non-synthetic ingredients. They expect clinical, evidence-based explanations with references to studies, along with information on seeking an initial pediatric consultation via telehealth/digital portals."
travel_7981_overpersonalization_trap,user_7981_arch_eng,travel,overpersonalization_trap,What is the best way to get from Munich to Stuttgart for a morning meeting?,"The user needs to find the fastest, most direct transit options (such as ICE high-speed trains) from Munich to Stuttgart to arrive in time for a professional morning meeting, deliberately bypassing their usual preferences for slow, scenic rail travel and multi-day historic hotel stays, while still maintaining high accessibility standards (e.g., station elevator details) as a passive background condition."
ex_0015_op_trap_01,user_0015,ecommerce,overpersonalization_trap,durable backpack for daily commute,"The user is looking for a durable, professional commuter backpack that protects a laptop and tech accessories for their career transition, rather than a diaper bag, stroller bag, or toddler backpack."
eval_edu_0015_variance,user_0015,education,personalization_required,How should I learn about variance?,"Understand the statistical concepts of variance and standard deviation through intuitive, analogy-based, step-by-step guides with real-world datasets (such as environmental or consumer prices) suitable for a beginner transitioning to data analysis with limited study time, avoiding abstract mathematical derivations."
eval_travel_0015_helpful,user_0015,travel,personalization_helpful,Plan a 3-day weekend trip for my family.,"The user is looking for a relaxing, slow-paced, 3-day weekend getaway in the Pacific Northwest that is accessible by passenger rail (avoiding flights) and suitable for a family with a toddler, ideally featuring nature-oriented, stroller-accessible destinations and lodging with a kitchen."
ex_health_slit_2084,user_2084,health_medical,personalization_required,allergy immunotherapy consultation options,"Find clinical allergy specialists or healthcare providers in the Seattle area who offer immunotherapy (specifically sublingual/SLIT) consultations, are accessible via Seattle Link Light Rail or offer virtual-first onboarding, and provide detailed, data-driven medical service information."
ex_travel_0015_optrap,user_0015,travel,overpersonalization_trap,best travel options for a 3-day weekend trip to Chicago,"The user is looking for the most practical transportation and lodging options for a short 3-day weekend trip from their home in the Pacific Northwest (Seattle area) to Chicago. Despite their general aversion to domestic flights and preference for rail travel, the extreme time constraint of a 3-day weekend makes flying the only viable option."
eg_2084_ecommerce_smart_timer,user_2084,ecommerce,personalization_helpful,smart hose faucet timer,"The user wants to buy a compact, high-quality smart hose faucet timer or irrigation controller that natively integrates with Apple HomeKit and utilizes Thread or Matter protocols, suitable for a precise and lightweight balcony gardening setup."
rec_001_eco_gardener_watering,user_2084,ecommerce,personalization_required,smart drip watering system,"The user is looking for a smart micro-drip irrigation system or watering controller compatible with Apple HomeKit and Thread/Matter protocols, designed for a small-scale balcony setup (space-saving, light-weight, potentially gravity-fed or container-compatible) and featuring detailed technical spec sheets rather than cheap plastics."
edu_user0015_optrap_001,user_0015,education,overpersonalization_trap,How can I quickly learn Excel pivot tables for a presentation tomorrow morning?,"The user needs a rapid, highly condensed, and direct crash course on Microsoft Excel pivot tables for an urgent presentation tomorrow morning. They need immediately actionable guides rather than their typical slow-paced, evening-scheduled, analogy-heavy Python/SQL programming lessons."
lvl2_edu_user2084_spatial_mapping,user_2084,education,personalization_helpful,What is the best way to learn spatial mapping?,"The user wants to find code-first, hands-on, self-paced tutorials on spatial data mapping using open-source programming languages (like R's ggplot2/sf or Python's geopandas) for environmental citizen science, avoiding commercial, proprietary point-and-click GIS software."
eval_travel_carfree_cabin_2084,user_2084,travel,personalization_required,Where should I stay for a quiet weekend cabin getaway?,"The user is looking for quiet, minimalist, non-chain cabin accommodations reachable from Seattle entirely by public transit, walking, or cycling (without renting a car) for a nature-focused weekend getaway."
ex_edu_overpers_user_2084_01,user_2084,education,overpersonalization_trap,What is a good interactive tutorial to learn basic SQL?,"The user is looking for a high-quality, free, and highly interactive online tutorial to learn standard SQL from scratch. While they prefer step-by-step, code-first documentation, they need a general-purpose, standard SQL learning resource (like SQLBolt or Mode) rather than a tutorial forced into R packages, environmental science, or Seattle transit contexts."
travel_user_2084_nature_stay_seattle,user_2084,travel,personalization_helpful,Where should I stay for a quiet weekend in nature?,"Find quiet, minimalist, non-chain eco-cabins or nature-focused accommodations near Seattle that are fully accessible via public transit, ferries, or cycling, avoiding any rental car dependency."
example_health_med_user_2084,user_2084_eco_tech,health_medical,personalization_helpful,What are the most effective long-term treatments for dust mite allergy?,"The user is looking for peer-reviewed clinical studies and meta-analyses comparing the long-term clinical efficacy of immunotherapy options (specifically sublingual immunotherapy or SLIT vs. subcutaneous injections) for dust mite allergic rhinitis, preferring data-rich, clinical-grade medical literature over basic consumer health summaries."
ex_0093821,user_2084,health_medical,overpersonalization_trap,How does the efficacy of sublingual immunotherapy compare to traditional allergy shots?,"The user wants a precise, clinical, and data-driven scientific comparison (such as systematic reviews or meta-analyses) of the efficacy of sublingual immunotherapy (SLIT) versus subcutaneous immunotherapy (SCIT / allergy shots). Because of their high health literacy, they expect clinical-grade data rather than a simplified patient guide, but they do NOT want local clinic listings or transit-friendly Seattle directions, as this is a general medical research question."
example_eco_tech_ecommerce_trap,user_2084_eco_tech,ecommerce,overpersonalization_trap,need a reliable smartphone recommendation for my grandmother,"The user is looking for a durable, reliable, and straightforward smartphone suitable for an elderly grandmother. While the user's personal profile strongly favors modular, open-source, and highly repairable electronics (like Fairphone or PinePhone), these options present major usability and stability barriers for an elderly non-technical relative. The agent must avoid the trap of recommending DIY/open-source phones, and instead recommend standard, long-supported devices with robust accessibility modes (like an iPhone or simplified Samsung Galaxy) that still align with the user's secondary preference for longevity and reliable build quality."
example_eco_tech_ecommerce_001,user_2084_eco_tech,ecommerce,personalization_required,recommend a smartphone,"The user is looking to purchase a new smartphone that aligns with their strict principles of modularity, high repairability (high iFixit score), user-replaceable batteries/components, and long-term software support. They want to avoid devices with glued-in components, locked bootloaders, or those manufactured by companies that actively fight the right-to-repair."
level2_edu_workbench_01,user_2084_eco_tech,education,personalization_required,guide to building a heavy duty workbench,"The user is looking for a highly technical, blueprint-style instructional guide to building a durable woodworking workbench utilizing manual hand-tool woodworking methods (such as hand saws, chisels, and traditional joinery) because they lack heavy workshop machinery and prefer deeply schematic, self-reliant technical learning."
example_ecommerce_diy_pruners,user_1984_diy_rural_academic,ecommerce,personalization_helpful,recommendations for bypass pruners,"The user is looking for high-quality, highly durable bypass pruners made of metal (not plastic) that are fully repairable with readily available replacement parts (such as blades and springs) and include maintenance schematics or manuals."
ex_0028741,user_2084_eco_tech,education,personalization_helpful,guide for building a woodworking workbench,"The user wants a highly detailed, step-by-step construction guide or blueprint to build a sturdy woodworking workbench using manual hand tools (like hand saws, chisels, and hand planes) rather than heavy power shop machinery, featuring clear structural schematics and traditional joinery breakdowns."
example_health_overpersonalization_01,user_2084_eco_tech,health_medical,overpersonalization_trap,What is the average success rate of allergy immunotherapy?,"The user wants to find high-level clinical trial data and systematic reviews on the long-term success and efficacy rates of both Subcutaneous Immunotherapy (SCIT) and Sublingual Immunotherapy (SLIT) across common allergens to understand the broad comparative landscape, rather than receiving information restricted strictly to dust mite sublingual immunotherapy."
travel_user_2084_glacier_trip,user_2084_eco_tech,travel,personalization_required,Plan a 4-day hiking trip to Glacier National Park.,"The user wants a 4-day hiking itinerary for Glacier National Park departing from their location (Seattle/Pacific Northwest), utilizing the Amtrak Empire Builder train rather than flying, relying entirely on park shuttles and foot travel instead of car rentals, and focusing on high-mileage, challenging day hikes with eco-friendly lodging."
example_health_01_knee_stiffness,user_1984_diy_rural_academic,health_medical,personalization_required,What are the recommended long-term management options for chronic knee stiffness?,"The user is seeking evidence-based, clinical-grade therapeutic options (such as home physical therapy protocols or non-pharmacological interventions backed by systematic reviews) for managing mild knee osteoarthritis that can be executed via telehealth or self-directed care, avoiding unnecessary long-distance travel to specialists."
travel_overpersonalization_trap_01,user_2084_eco_tech,travel,overpersonalization_trap,What are my options for getting to Boston from Seattle by tomorrow afternoon?,"The user needs to travel from Seattle to Boston under an extremely tight deadline (arriving by tomorrow afternoon). Despite their strong, habitual preference for rail travel and avoiding domestic flights, the geographic distance and time constraint make air travel the only viable option. The user needs realistic, rapid flight options and must not be recommended a multi-day train journey."
92f7e02b-bba3-490b-93f5-685b8fae923e,user_1984_diy_rural_academic,education,personalization_required,Where can I find resources to study forest soil regeneration?,"Find peer-reviewed, open-access academic literature, technical manuals, and dense text-based research databases about forest soil regeneration methodologies, avoiding video tutorials and high-cost subscription platforms."
health_medical_knee_rehab_academic,user_1984_diy_rural_academic,health_medical,personalization_helpful,rehab exercises for chronic knee stiffness,"The user is looking for evidence-based physical therapy exercises and biomechanical protocols (specifically targeting patellofemoral tracking and mild knee osteoarthritis) that can be done at home. They prefer clinical literature, dense clinical guides, or text-and-diagram protocols over video tutorials or basic wellness blogs."
8c4d29a5-bf7e-41d3-9eef-7cf05f88461b,user_1984_diy_rural_academic,ecommerce,overpersonalization_trap,recommend a durable portable speaker as a gift,"The user wants to buy a durable, waterproof portable Bluetooth speaker as a graduation gift for their teenage grandchild, which means it should be a popular, mainstream, highly compatible consumer device (like a JBL or Ultimate Ears) rather than a niche, open-source, DIY wood/brass audio assembly kit."
travel_hood_canal_cabins,user_1984_diy_rural_academic,travel,personalization_helpful,cabin rentals near Hood Canal,"Find dog-friendly, quiet cabin rentals with private kitchen facilities and access to EV charging options near Hood Canal, Washington, avoiding high-rise resorts or remote hike-in-only spots."
example_19_ecommerce_jacket,user_19,ecommerce,personalization_helpful,durable winter jacket,"The user is looking for a high-quality, long-lasting winter jacket that is available in tall sizing, ideally made from durable, natural, or sustainable materials by an ethically-minded brand (like a B-Corp) that supports repairability."
example_edu_user_19,user_19,education,personalization_helpful,What's the best way to learn spatial data visualization?,"The user wants to find self-paced, hands-on learning resources or tutorials for spatial data visualization that use Python (specifically libraries like GeoPandas, Plotly, or Folium) and support interactive learning formats (such as Jupyter Notebooks), tailored to a self-taught amateur with a strict time constraint of a few hours on weekends."
eg_ecommerce_shell_jacket_019,user_19,ecommerce,personalization_required,recommend a durable waterproof shell jacket,"Find a high-quality, durable, waterproof outerwear shell jacket from a sustainable or B-Corp certified brand that offers dedicated 'Tall' sizing and has a repairability/lifetime warranty policy, aligning with a plastic-free packaging ethos."
lvl2_overpers_edu_biochem_textbook,user_1984_diy_rural_academic,education,overpersonalization_trap,What are some good textbooks to learn introductory biochemistry?,"The user wants to find highly-regarded, rigorous college-level textbooks to learn general introductory biochemistry. They prefer comprehensive, dense, text-based learning materials over video lectures, but they want general biochemistry, not specialized agricultural or soil biochemistry."
eg_health_019_dust_mite,user_19,health_medical,personalization_required,What actually works for dust mite allergies?,"The user is looking for clinically proven, non-pharmacological interventions for managing dust mite allergies (allergic rhinitis) that avoid synthetic chemicals or fragrances due to severe contact dermatitis and fragrance sensitivities, focusing heavily on primary scientific literature (such as HEPA filtration and humidity physical controls)."
example_health_overpersonalization_19,user_19,health_medical,overpersonalization_trap,What are the standard diagnostic protocols for adult asthma?,"The user wants a highly detailed, evidence-based overview of standard clinical diagnostic protocols for adult asthma (such as spirometry, bronchodilator reversibility, and bronchial challenge tests) as defined by major medical guidelines (e.g., GINA or NAEPP). They expect a direct, scientific explanation with clinical metrics reflecting their high health literacy. The system must not try to triage them for an emergency, restrict the answer to exercise-induced symptoms, or suggest local telehealth clinics/booking, which would be an overpersonalization of their profile."
example_travel_19_vancouver_lodging,user_19,travel,personalization_required,Where should I stay for a weekend trip to Vancouver?,"The user is planning a weekend trip to Vancouver, BC, departing from the Pacific Northwest (specifically Seattle/Portland area) via train. They need a dog-friendly, boutique or historic hotel located near Vancouver's train terminal (Pacific Central Station) or highly accessible via walking/transit, featuring secure bicycle storage, while avoiding large chain resorts and car rentals."
user_1984_diy_rural_academic_travel_trap_1,user_1984_diy_rural_academic,travel,overpersonalization_trap,where to stay near the Chicago Loop for a conference,"The user is planning a solo professional trip to attend an academic conference in downtown Chicago. They need hotel accommodation recommendations in or immediately adjacent to the Chicago Loop. Although their permanent profile shows a strong preference for rural EV driving, cabin camping, and traveling with their senior dog, this specific urban business trip requires flying and staying in a high-density downtown area, meaning standard dog-friendly, EV-charging, and rustic cabin constraints must be suspended."
example_travel_user_19_01,user_19,travel,personalization_helpful,Where should I stay for a weekend trip to Vancouver?,"Find highly walkable, pet-friendly boutique or historic lodging options in Vancouver, BC, that are close to the Pacific Central train station and offer amenities like secure bicycle storage, to align with a car-free, rail-based slow travel trip."
user_19_edu_trap_01,user_19,education,overpersonalization_trap,What are some good free APIs to practice data cleaning and visualization?,"The user wants a list of reliable, well-documented, and free APIs returning clean JSON/CSV structures to practice Python-based data cleaning and visualization. Crucially, while they use Python/Jupyter and have a GIS background, they are looking for general beginner-to-intermediate APIs, not complex geospatial datasets or niche transit/eco-tracking endpoints."
example_edu_timber_joinery_82,user_20_eco_diy_82,education,personalization_required,What is the best way to learn structural joinery?,"The user wants to find free, highly visual, diagram-heavy, and step-by-step resources to learn traditional structural timber framing and joinery techniques utilizing hand tools (rather than expensive power equipment or paid software)."
eval_health_med_p20_01,user_20_eco_diy_82,health_medical,personalization_helpful,best eye drops for seasonal allergy relief,"The user is seeking evidence-based, clinically detailed recommendations for seasonal allergy eye drops (specifically for pollen-induced allergic conjunctivitis) that are preservative-free to avoid sensitivity issues, presented in a direct, scientific communication style."
eg_ecommerce_opt_01,user_20_eco_diy_82,ecommerce,overpersonalization_trap,good circular saw for a beginner,"The user is looking to purchase or recommend a reliable, safe, and highly user-friendly entry-level circular saw for a novice woodworker. They need a complete, ready-to-use package (either corded or a full kit with a battery and charger included) rather than complex vintage tools or 'bare' tools that rely on an existing battery ecosystem."
l2_query_ecommerce_diy_drill_82,user_20_eco_diy_82,ecommerce,personalization_required,Which cordless drill should I get?,"The user wants to find a refurbished, highly repairable 18V cordless drill sold as a 'bare tool' (without battery or charger) to match their existing 18V battery ecosystem, preferably shipped in zero-waste/plastic-free packaging and compatible with standard metric sizing."
9d8e7c6b-5a4f-4e3d-b2c1-0a9b8c7d6e5f,user_20_eco_diy_82,education,personalization_helpful,How should I start learning framing?,"The user wants to find resources to learn traditional timber framing and heavy wood joinery, preferring highly visual, step-by-step, and practical physical instruction over modern industrial stick-framing or expensive online subscription platforms."
example_health_overpersonalize_82,user_20_eco_diy_82,health_medical,overpersonalization_trap,first aid for minor eye irritation,"The user wants standard, evidence-based clinical first-aid instructions for dealing with general minor eye irritation. They are looking for objective protocols (like flushing techniques) and want to avoid the agent restricting results to home remedies or assuming the irritation is purely allergy-related or wood-dust-specific, which would bypass critical standard first-aid information."
travel_pnw_slow_bike_01,user_20_eco_diy_82,travel,personalization_required,best way to get to Portland for the weekend,The user wants to find transit options from their location in the Pacific Northwest (implicitly Seattle/Cascades area) to Portland for a weekend trip that specifically allow them to bring their fully assembled bicycle on board (such as Amtrak Cascades roll-on service) without requiring driving or flying.
trans_op_pdx_boi_01,user_20_eco_diy_82,travel,overpersonalization_trap,travel options from Portland to Boise without driving,"The user wants to find realistic, non-driving transit options (such as intercity buses or coach services) to travel from Portland to Boise. Since there is no passenger rail line operating on this corridor and the distance is under 500 miles, the agent must avoid recommending flights or non-existent trains, while also avoiding suggesting an extreme 400+ mile bicycle trip."
